Workbook
Name FoodList: 'Base alimentos'!$A$5:$A$20

Sheet Painel
A1: PLANO ALIMENTAR — GANHO DE MASSA COM CONTROLE DE GORDURA
A2: Estrutura ajustável para ganhar massa muscular sem usar um superávit agressivo. Como frutas, verduras e legumes ficam fora da sua alimentação, a planilha acompanha fibra e sinaliza micronutrientes como ponto de atenção. Whey entra como alimento prático; creatina fica separada na aba de suplementação.
A4: DADOS E CONTROLES | E4: METAS CALCULADAS
A5: Sexo (para estimar metabolismo) | E5: Metabolismo basal estimado | F5: =IF(OR(B5="",B6="",B7="",B8=""),"",10*B8+6.25*B7-5*B6+IF(B5="Masculino",5,IF(B5="Feminino",-161,"")))
A6: Idade (anos) | E6: Manutenção estimada | F6: =IF(B14<>"",B14,IF(E5="","",E5*B9))
A7: Altura (cm) | E7: Meta calórica diária | F7: =IF(E6="","",E6*(1+B10))
A8: Peso atual (kg) | E8: Proteína diária (g) | F8: =IF(B8="","",B8*B11)
A9: Fator de atividade | B9: 1.55 | E9: Gordura diária (g) | F9: =IF(B8="","",B8*B12)
A10: Ajuste calórico | B10: 0.03 | E10: Carboidrato diário (g) | F10: =IF(E7="","",MAX(0,(E7-E8*4-E9*9)/4))
A11: Proteína alvo (g/kg) | B11: 1.8 | E11: Fibra diária (g) | F11: =IF(E7="","",E7/1000*B13)
A12: Gordura alvo (g/kg) | B12: 0.8 | E12: Faixa de peso/semana | F12: =IF(B8="","",B8*0.0025) | H12: máx. ~0,25% do peso/sem
A13: Fibra alvo (g/1000 kcal) | B13: 14
A14: Manutenção manual (kcal, opcional)
A16: LEITURA RÁPIDA DO DIA
A18: Calorias planejadas | B18: ='Plano diário'!E26 | E18: kcal
A19: Proteína planejada | B19: ='Plano diário'!F26 | E19: g
A20: Diferença vs meta | B20: =IF(OR(B18="",F7=""),"",B18-F7) | E20: kcal
A21: Proteína vs meta | B21: =IF(OR(B19="",F8=""),"",B19-F8) | E21: g
A23: Como interpretar o ajuste calórico
A24: 0% | B24: recomposição/manutenção: mais conservador para quem prioriza definição.
A25: +2% a +5% | B25: ganho controlado: pequeno superávit para favorecer massa, monitorando cintura e peso.
A26: Evite subir rápido | B26: se peso/cintura dispararem, reduza ~100–150 kcal e reavalie por 1–2 semanas.

Sheet Base alimentos
A1: BASE DE ALIMENTOS — VALORES POR 100 g / 100 ml
A2: Valores-base aproximados para montar a dieta. Para alimentos industrializados (especialmente whey, iogurte, pão e pasta de amendoim), substitua pelos dados do rótulo da marca que você realmente usa.
A4: Alimento | B4: kcal | C4: Proteína (g) | D4: Carboidrato (g) | E4: Gordura (g) | F4: Fibra (g) | G4: Referência prática | H4: Fonte
A5: Arroz branco cozido | B5: 128 | C5: 2.5 | D5: 28.1 | E5: 0.2 | F5: 1.6 | G5: 100 g cozido | H5: https://nepa.unicamp.br/tabela-brasileira-de-composicao-de-alimentos-4a-edicao/
A6: Peito de frango grelhado | B6: 159 | C6: 32 | D6: 0 | E6: 2.5 | F6: 0 | G6: 100 g pronto | H6: https://nepa.unicamp.br/tabela-brasileira-de-composicao-de-alimentos-4a-edicao/
A7: Patinho bovino grelhado | B7: 219 | C7: 35.9 | D7: 0 | E7: 7.3 | F7: 0 | G7: 100 g pronto | H7: https://nepa.unicamp.br/tabela-brasileira-de-composicao-de-alimentos-4a-edicao/
A8: Ovo inteiro | B8: 146 | C8: 13.3 | D8: 0.6 | E8: 9.5 | F8: 0 | G8: ~50 g por ovo grande | H8: https://nepa.unicamp.br/tabela-brasileira-de-composicao-de-alimentos-4a-edicao/
A9: Pão francês | B9: 300 | C9: 8 | D9: 58.6 | E9: 3.1 | F9: 2.3 | G9: ~50 g por unidade | H9: https://nepa.unicamp.br/tabela-brasileira-de-composicao-de-alimentos-4a-edicao/
A10: Pão integral | B10: 253 | C10: 9.4 | D10: 49.9 | E10: 3.7 | F10: 6.9 | G10: conferir peso da fatia | H10: https://nepa.unicamp.br/tabela-brasileira-de-composicao-de-alimentos-4a-edicao/
A11: Leite integral | B11: 61 | C11: 3.2 | D11: 4.7 | E11: 3.3 | F11: 0 | G11: 100 ml | H11: https://nepa.unicamp.br/tabela-brasileira-de-composicao-de-alimentos-4a-edicao/
A12: Leite semidesnatado | B12: 46 | C12: 3.2 | D12: 4.8 | E12: 1.6 | F12: 0 | G12: 100 ml | H12: https://nepa.unicamp.br/tabela-brasileira-de-composicao-de-alimentos-4a-edicao/
A13: Iogurte natural integral | B13: 61 | C13: 3.5 | D13: 4.7 | E13: 3.3 | F13: 0 | G13: 100 g | H13: https://nepa.unicamp.br/tabela-brasileira-de-composicao-de-alimentos-4a-edicao/
A14: Aveia em flocos | B14: 394 | C14: 13.9 | D14: 66.6 | E14: 8.5 | F14: 9.1 | G14: 30–50 g costuma ser fácil de usar | H14: https://nepa.unicamp.br/tabela-brasileira-de-composicao-de-alimentos-4a-edicao/
A15: Macarrão cozido | B15: 157 | C15: 5.8 | D15: 30.9 | E15: 0.9 | F15: 1.8 | G15: 100 g cozido | H15: https://nepa.unicamp.br/tabela-brasileira-de-composicao-de-alimentos-4a-edicao/
A16: Queijo muçarela | B16: 330 | C16: 22.6 | D16: 3 | E16: 25.2 | F16: 0 | G16: conferir peso da fatia | H16: https://nepa.unicamp.br/tabela-brasileira-de-composicao-de-alimentos-4a-edicao/
... A20: Tapioca / goma hidratada | B20: 230 | C20: 0.2 | D20: 57 | E20: 0 | F20: 0.2 | G20: conferir rótulo/marca | H20: https://nepa.unicamp.br/tabela-brasileira-de-composicao-de-alimentos-4a-edicao/
A22: Observação: a base é um ponto de partida. Em alimentos embalados, o rótulo real ganha prioridade porque marcas e receitas mudam bastante.

Sheet Plano diário
A1: PLANO DIÁRIO — MONTADOR DE REFEIÇÕES
A2: Escolha o alimento na lista, digite a quantidade em gramas ou mililitros e a planilha calcula os macros. Já deixei uma estrutura sem frutas, verduras e legumes; as porções ficam totalmente editáveis para você fechar o dia contra a meta do Painel.
A4: Refeição | B4: Alimento | C4: Qtd. (g/ml) | D4: Meta kcal/ref. | E4: kcal | F4: Proteína (g) | G4: Carbo (g) | H4: Gordura (g) | I4: Fibra (g) | J4: Observação
A5: Café da manhã | B5: Ovo inteiro | E5: =IF(OR(B5="",C5=""),"",IFERROR(C5/100*VLOOKUP(B5,'Base alimentos'!$A$5:$H$20,2,FALSE),"")) | F5: =IF(OR(B5="",C5=""),"",IFERROR(C5/100*VLOOKUP(B5,'Base alimentos'!$A$5:$H$20,3,FALSE),"")) | G5: =IF(OR(B5="",C5=""),"",IFERROR(C5/100*VLOOKUP(B5,'Base alimentos'!$A$5:$H$20,4,FALSE),"")) | H5: =IF(OR(B5="",C5=""),"",IFERROR(C5/100*VLOOKUP(B5,'Base alimentos'!$A$5:$H$20,5,FALSE),"")) | I5: =IF(OR(B5="",C5=""),"",IFERROR(C5/100*VLOOKUP(B5,'Base alimentos'!$A$5:$H$20,6,FALSE),""))
B6: Pão integral | E6: =IF(OR(B6="",C6=""),"",IFERROR(C6/100*VLOOKUP(B6,'Base alimentos'!$A$5:$H$20,2,FALSE),"")) | F6: =IF(OR(B6="",C6=""),"",IFERROR(C6/100*VLOOKUP(B6,'Base alimentos'!$A$5:$H$20,3,FALSE),"")) | G6: =IF(OR(B6="",C6=""),"",IFERROR(C6/100*VLOOKUP(B6,'Base alimentos'!$A$5:$H$20,4,FALSE),"")) | H6: =IF(OR(B6="",C6=""),"",IFERROR(C6/100*VLOOKUP(B6,'Base alimentos'!$A$5:$H$20,5,FALSE),"")) | I6: =IF(OR(B6="",C6=""),"",IFERROR(C6/100*VLOOKUP(B6,'Base alimentos'!$A$5:$H$20,6,FALSE),""))
B7: Leite semidesnatado | E7: =IF(OR(B7="",C7=""),"",IFERROR(C7/100*VLOOKUP(B7,'Base alimentos'!$A$5:$H$20,2,FALSE),"")) | F7: =IF(OR(B7="",C7=""),"",IFERROR(C7/100*VLOOKUP(B7,'Base alimentos'!$A$5:$H$20,3,FALSE),"")) | G7: =IF(OR(B7="",C7=""),"",IFERROR(C7/100*VLOOKUP(B7,'Base alimentos'!$A$5:$H$20,4,FALSE),"")) | H7: =IF(OR(B7="",C7=""),"",IFERROR(C7/100*VLOOKUP(B7,'Base alimentos'!$A$5:$H$20,5,FALSE),"")) | I7: =IF(OR(B7="",C7=""),"",IFERROR(C7/100*VLOOKUP(B7,'Base alimentos'!$A$5:$H$20,6,FALSE),""))
A8: CAFÉ DA MANHÃ — subtotal | D8: =IF(Painel!$F$7="","",Painel!$F$7*0.2) | E8: =SUM(E5:E7) | F8: =SUM(F5:F7) | G8: =SUM(G5:G7) | H8: =SUM(H5:H7) | I8: =SUM(I5:I7) | J8: Meta kcal à esquerda; macros são o subtotal real da refeição.
A9: Almoço | B9: Arroz branco cozido | E9: =IF(OR(B9="",C9=""),"",IFERROR(C9/100*VLOOKUP(B9,'Base alimentos'!$A$5:$H$20,2,FALSE),"")) | F9: =IF(OR(B9="",C9=""),"",IFERROR(C9/100*VLOOKUP(B9,'Base alimentos'!$A$5:$H$20,3,FALSE),"")) | G9: =IF(OR(B9="",C9=""),"",IFERROR(C9/100*VLOOKUP(B9,'Base alimentos'!$A$5:$H$20,4,FALSE),"")) | H9: =IF(OR(B9="",C9=""),"",IFERROR(C9/100*VLOOKUP(B9,'Base alimentos'!$A$5:$H$20,5,FALSE),"")) | I9: =IF(OR(B9="",C9=""),"",IFERROR(C9/100*VLOOKUP(B9,'Base alimentos'!$A$5:$H$20,6,FALSE),""))
B10: Peito de frango grelhado | E10: =IF(OR(B10="",C10=""),"",IFERROR(C10/100*VLOOKUP(B10,'Base alimentos'!$A$5:$H$20,2,FALSE),"")) | F10: =IF(OR(B10="",C10=""),"",IFERROR(C10/100*VLOOKUP(B10,'Base alimentos'!$A$5:$H$20,3,FALSE),"")) | G10: =IF(OR(B10="",C10=""),"",IFERROR(C10/100*VLOOKUP(B10,'Base alimentos'!$A$5:$H$20,4,FALSE),"")) | H10: =IF(OR(B10="",C10=""),"",IFERROR(C10/100*VLOOKUP(B10,'Base alimentos'!$A$5:$H$20,5,FALSE),"")) | I10: =IF(OR(B10="",C10=""),"",IFERROR(C10/100*VLOOKUP(B10,'Base alimentos'!$A$5:$H$20,6,FALSE),""))
E11: =IF(OR(B11="",C11=""),"",IFERROR(C11/100*VLOOKUP(B11,'Base alimentos'!$A$5:$H$20,2,FALSE),"")) | F11: =IF(OR(B11="",C11=""),"",IFERROR(C11/100*VLOOKUP(B11,'Base alimentos'!$A$5:$H$20,3,FALSE),"")) | G11: =IF(OR(B11="",C11=""),"",IFERROR(C11/100*VLOOKUP(B11,'Base alimentos'!$A$5:$H$20,4,FALSE),"")) | H11: =IF(OR(B11="",C11=""),"",IFERROR(C11/100*VLOOKUP(B11,'Base alimentos'!$A$5:$H$20,5,FALSE),"")) | I11: =IF(OR(B11="",C11=""),"",IFERROR(C11/100*VLOOKUP(B11,'Base alimentos'!$A$5:$H$20,6,FALSE),""))
A12: ALMOÇO — subtotal | D12: =IF(Painel!$F$7="","",Painel!$F$7*0.3) | E12: =SUM(E9:E11) | F12: =SUM(F9:F11) | G12: =SUM(G9:G11) | H12: =SUM(H9:H11) | I12: =SUM(I9:I11) | J12: Meta kcal à esquerda; macros são o subtotal real da refeição.
A13: Lanche / pré ou pós | B13: Whey protein (rótulo) | E13: =IF(OR(B13="",C13=""),"",IFERROR(C13/100*VLOOKUP(B13,'Base alimentos'!$A$5:$H$20,2,FALSE),"")) | F13: =IF(OR(B13="",C13=""),"",IFERROR(C13/100*VLOOKUP(B13,'Base alimentos'!$A$5:$H$20,3,FALSE),"")) | G13: =IF(OR(B13="",C13=""),"",IFERROR(C13/100*VLOOKUP(B13,'Base alimentos'!$A$5:$H$20,4,FALSE),"")) | H13: =IF(OR(B13="",C13=""),"",IFERROR(C13/100*VLOOKUP(B13,'Base alimentos'!$A$5:$H$20,5,FALSE),"")) | I13: =IF(OR(B13="",C13=""),"",IFERROR(C13/100*VLOOKUP(B13,'Base alimentos'!$A$5:$H$20,6,FALSE),""))
B14: Aveia em flocos | E14: =IF(OR(B14="",C14=""),"",IFERROR(C14/100*VLOOKUP(B14,'Base alimentos'!$A$5:$H$20,2,FALSE),"")) | F14: =IF(OR(B14="",C14=""),"",IFERROR(C14/100*VLOOKUP(B14,'Base alimentos'!$A$5:$H$20,3,FALSE),"")) | G14: =IF(OR(B14="",C14=""),"",IFERROR(C14/100*VLOOKUP(B14,'Base alimentos'!$A$5:$H$20,4,FALSE),"")) | H14: =IF(OR(B14="",C14=""),"",IFERROR(C14/100*VLOOKUP(B14,'Base alimentos'!$A$5:$H$20,5,FALSE),"")) | I14: =IF(OR(B14="",C14=""),"",IFERROR(C14/100*VLOOKUP(B14,'Base alimentos'!$A$5:$H$20,6,FALSE),""))
B15: Iogurte natural integral | E15: =IF(OR(B15="",C15=""),"",IFERROR(C15/100*VLOOKUP(B15,'Base alimentos'!$A$5:$H$20,2,FALSE),"")) | F15: =IF(OR(B15="",C15=""),"",IFERROR(C15/100*VLOOKUP(B15,'Base alimentos'!$A$5:$H$20,3,FALSE),"")) | G15: =IF(OR(B15="",C15=""),"",IFERROR(C15/100*VLOOKUP(B15,'Base alimentos'!$A$5:$H$20,4,FALSE),"")) | H15: =IF(OR(B15="",C15=""),"",IFERROR(C15/100*VLOOKUP(B15,'Base alimentos'!$A$5:$H$20,5,FALSE),"")) | I15: =IF(OR(B15="",C15=""),"",IFERROR(C15/100*VLOOKUP(B15,'Base alimentos'!$A$5:$H$20,6,FALSE),""))
A16: LANCHE / PRÉ OU PÓS — subtotal | D16: =IF(Painel!$F$7="","",Painel!$F$7*0.2) | E16: =SUM(E13:E15) | F16: =SUM(F13:F15) | G16: =SUM(G13:G15) | H16: =SUM(H13:H15) | I16: =SUM(I13:I15) | J16: Meta kcal à esquerda; macros são o subtotal real da refeição.
A17: Jantar | B17: Macarrão cozido | E17: =IF(OR(B17="",C17=""),"",IFERROR(C17/100*VLOOKUP(B17,'Base alimentos'!$A$5:$H$20,2,FALSE),"")) | F17: =IF(OR(B17="",C17=""),"",IFERROR(C17/100*VLOOKUP(B17,'Base alimentos'!$A$5:$H$20,3,FALSE),"")) | G17: =IF(OR(B17="",C17=""),"",IFERROR(C17/100*VLOOKUP(B17,'Base alimentos'!$A$5:$H$20,4,FALSE),"")) | H17: =IF(OR(B17="",C17=""),"",IFERROR(C17/100*VLOOKUP(B17,'Base alimentos'!$A$5:$H$20,5,FALSE),"")) | I17: =IF(OR(B17="",C17=""),"",IFERROR(C17/100*VLOOKUP(B17,'Base alimentos'!$A$5:$H$20,6,FALSE),""))
B18: Patinho bovino grelhado | E18: =IF(OR(B18="",C18=""),"",IFERROR(C18/100*VLOOKUP(B18,'Base alimentos'!$A$5:$H$20,2,FALSE),"")) | F18: =IF(OR(B18="",C18=""),"",IFERROR(C18/100*VLOOKUP(B18,'Base alimentos'!$A$5:$H$20,3,FALSE),"")) | G18: =IF(OR(B18="",C18=""),"",IFERROR(C18/100*VLOOKUP(B18,'Base alimentos'!$A$5:$H$20,4,FALSE),"")) | H18: =IF(OR(B18="",C18=""),"",IFERROR(C18/100*VLOOKUP(B18,'Base alimentos'!$A$5:$H$20,5,FALSE),"")) | I18: =IF(OR(B18="",C18=""),"",IFERROR(C18/100*VLOOKUP(B18,'Base alimentos'!$A$5:$H$20,6,FALSE),""))
E19: =IF(OR(B19="",C19=""),"",IFERROR(C19/100*VLOOKUP(B19,'Base alimentos'!$A$5:$H$20,2,FALSE),"")) | F19: =IF(OR(B19="",C19=""),"",IFERROR(C19/100*VLOOKUP(B19,'Base alimentos'!$A$5:$H$20,3,FALSE),"")) | G19: =IF(OR(B19="",C19=""),"",IFERROR(C19/100*VLOOKUP(B19,'Base alimentos'!$A$5:$H$20,4,FALSE),"")) | H19: =IF(OR(B19="",C19=""),"",IFERROR(C19/100*VLOOKUP(B19,'Base alimentos'!$A$5:$H$20,5,FALSE),"")) | I19: =IF(OR(B19="",C19=""),"",IFERROR(C19/100*VLOOKUP(B19,'Base alimentos'!$A$5:$H$20,6,FALSE),""))
A20: JANTAR — subtotal | D20: =IF(Painel!$F$7="","",Painel!$F$7*0.25) | E20: =SUM(E17:E19) | F20: =SUM(F17:F19) | G20: =SUM(G17:G19) | H20: =SUM(H17:H19) | I20: =SUM(I17:I19) | J20: Meta kcal à esquerda; macros são o subtotal real da refeição.
A21: Ceia | B21: Iogurte natural integral | E21: =IF(OR(B21="",C21=""),"",IFERROR(C21/100*VLOOKUP(B21,'Base alimentos'!$A$5:$H$20,2,FALSE),"")) | F21: =IF(OR(B21="",C21=""),"",IFERROR(C21/100*VLOOKUP(B21,'Base alimentos'!$A$5:$H$20,3,FALSE),"")) | G21: =IF(OR(B21="",C21=""),"",IFERROR(C21/100*VLOOKUP(B21,'Base alimentos'!$A$5:$H$20,4,FALSE),"")) | H21: =IF(OR(B21="",C21=""),"",IFERROR(C21/100*VLOOKUP(B21,'Base alimentos'!$A$5:$H$20,5,FALSE),"")) | I21: =IF(OR(B21="",C21=""),"",IFERROR(C21/100*VLOOKUP(B21,'Base alimentos'!$A$5:$H$20,6,FALSE),""))
B22: Queijo muçarela | E22: =IF(OR(B22="",C22=""),"",IFERROR(C22/100*VLOOKUP(B22,'Base alimentos'!$A$5:$H$20,2,FALSE),"")) | F22: =IF(OR(B22="",C22=""),"",IFERROR(C22/100*VLOOKUP(B22,'Base alimentos'!$A$5:$H$20,3,FALSE),"")) | G22: =IF(OR(B22="",C22=""),"",IFERROR(C22/100*VLOOKUP(B22,'Base alimentos'!$A$5:$H$20,4,FALSE),"")) | H22: =IF(OR(B22="",C22=""),"",IFERROR(C22/100*VLOOKUP(B22,'Base alimentos'!$A$5:$H$20,5,FALSE),"")) | I22: =IF(OR(B22="",C22=""),"",IFERROR(C22/100*VLOOKUP(B22,'Base alimentos'!$A$5:$H$20,6,FALSE),""))
E23: =IF(OR(B23="",C23=""),"",IFERROR(C23/100*VLOOKUP(B23,'Base alimentos'!$A$5:$H$20,2,FALSE),"")) | F23: =IF(OR(B23="",C23=""),"",IFERROR(C23/100*VLOOKUP(B23,'Base alimentos'!$A$5:$H$20,3,FALSE),"")) | G23: =IF(OR(B23="",C23=""),"",IFERROR(C23/100*VLOOKUP(B23,'Base alimentos'!$A$5:$H$20,4,FALSE),"")) | H23: =IF(OR(B23="",C23=""),"",IFERROR(C23/100*VLOOKUP(B23,'Base alimentos'!$A$5:$H$20,5,FALSE),"")) | I23: =IF(OR(B23="",C23=""),"",IFERROR(C23/100*VLOOKUP(B23,'Base alimentos'!$A$5:$H$20,6,FALSE),""))
A24: CEIA — subtotal | D24: =IF(Painel!$F$7="","",Painel!$F$7*0.05) | E24: =SUM(E21:E23) | F24: =SUM(F21:F23) | G24: =SUM(G21:G23) | H24: =SUM(H21:H23) | I24: =SUM(I21:I23) | J24: Meta kcal à esquerda; macros são o subtotal real da refeição.
A26: TOTAL DO DIA | E26: =E8+E12+E16+E20+E24 | F26: =F8+F12+F16+F20+F24 | G26: =G8+G12+G16+G20+G24 | H26: =H8+H12+H16+H20+H24 | I26: =I8+I12+I16+I20+I24 | J26: ← compare com as metas abaixo
A28: META DO PAINEL | E28: =Painel!F7 | F28: =Painel!F8 | G28: =Painel!F10 | H28: =Painel!F9 | I28: =Painel!F11 | J28: kcal / prot / carbo / gordura / fibra
A30: DIFERENÇA | E30: =IF(OR(E26="",E28=""),"",E26-E28) | F30: =IF(OR(F26="",F28=""),"",F26-F28) | G30: =IF(OR(G26="",G28=""),"",G26-G28) | H30: =IF(OR(H26="",H28=""),"",H26-H28) | I30: =IF(OR(I26="",I28=""),"",I26-I28)
A33: Estratégia prática | C33: Bata primeiro proteína e calorias. Depois ajuste carboidratos/gorduras conforme preferência e desempenho no treino. Como você não usa frutas/verduras/legumes, use a meta de fibra como alerta e não trate “bater macros” como sinônimo de dieta micronutricionalmente completa.

Sheet Suplementação
A1: SUPLEMENTAÇÃO — O QUE JÁ FAZ SENTIDO NO SEU CASO
A2: A planilha trata suplemento como complemento. Whey ajuda a fechar proteína; creatina é separada porque não substitui comida nem acrescenta proteína/calorias relevantes.
A4: Item | B4: Como usar na planilha | C4: Faixa / regra prática | D4: Horário | E4: O que observar | F4: Fonte | G4: Status
A5: Whey protein | B5: Cadastre os macros do SEU rótulo na Base alimentos e use no Plano diário. | C5: Quantidade necessária para completar a meta diária de proteína; não precisa “forçar” mais proteína quando a meta já foi atingida. | D5: Quando for mais conveniente | E5: Tolerância gastrointestinal e calorias do produto | F5: https://link.springer.com/article/10.1186/s12970-017-0177-8 | G5: Em uso
A6: Creatina monohidratada | B6: Não entra nos macros; registre apenas consistência. | C6: 3–5 g/dia é uma estratégia sem fase de carga amplamente usada. | D6: Qualquer horário; constância > timing | E6: Use diariamente; se houver orientação médica específica, siga-a. | F6: https://jissn.biomedcentral.com/counter/pdf/10.1186/s12970-021-00412-w.pdf | G6: Em uso
A9: PONTO DE ATENÇÃO: DIETA SEM FRUTAS / VERDURAS / LEGUMES
A10: É possível montar as calorias e os macros sem esses alimentos, mas isso não garante fibra, vitaminas e minerais adequados. A planilha acompanha fibra e prioriza opções como aveia e pão integral; ainda assim, micronutrientes não devem ser “corrigidos no escuro” com megadoses de suplementos. Se você pretende manter essa restrição por longo prazo, vale uma avaliação com nutricionista para checar adequação e estratégias compatíveis com o que você realmente consegue comer.

Sheet Registro diário
A1: REGISTRO DIÁRIO — ADERÊNCIA E DESEMPENHO
A2: Use uma linha por dia. O objetivo é enxergar tendências, não perseguir perfeição em uma única refeição.
A4: Data | B4: Peso (kg) | C4: Cintura (cm) | D4: Calorias | E4: Proteína (g) | F4: Carbo (g) | G4: Gordura (g) | H4: Fibra (g) | I4: Treinou? | J4: Observação

Sheet Progresso
A1: PROGRESSO — 12 SEMANAS
A2: A melhor leitura para “ganhar massa sem engordar” combina peso, cintura, desempenho no treino e aparência no espelho. Não tire conclusão por um único dia.
A4: Semana | B4: Peso médio (kg) | C4: Cintura (cm) | D4: Δ peso (kg) | E4: Δ peso (%) | F4: Calorias médias | G4: Proteína média (g) | H4: Observação
A5: Semana 1
A6: Semana 2 | D6: =IF(OR(B6="",B5=""),"",B6-B5) | E6: =IF(OR(B6="",B5=""),"",B6/B5-1)
A7: Semana 3 | D7: =IF(OR(B7="",B6=""),"",B7-B6) | E7: =IF(OR(B7="",B6=""),"",B7/B6-1)
A8: Semana 4 | D8: =IF(OR(B8="",B7=""),"",B8-B7) | E8: =IF(OR(B8="",B7=""),"",B8/B7-1)
A9: Semana 5 | D9: =IF(OR(B9="",B8=""),"",B9-B8) | E9: =IF(OR(B9="",B8=""),"",B9/B8-1)
A10: Semana 6 | D10: =IF(OR(B10="",B9=""),"",B10-B9) | E10: =IF(OR(B10="",B9=""),"",B10/B9-1)
A11: Semana 7 | D11: =IF(OR(B11="",B10=""),"",B11-B10) | E11: =IF(OR(B11="",B10=""),"",B11/B10-1)
A12: Semana 8 | D12: =IF(OR(B12="",B11=""),"",B12-B11) | E12: =IF(OR(B12="",B11=""),"",B12/B11-1)
A13: Semana 9 | D13: =IF(OR(B13="",B12=""),"",B13-B12) | E13: =IF(OR(B13="",B12=""),"",B13/B12-1)
A14: Semana 10 | D14: =IF(OR(B14="",B13=""),"",B14-B13) | E14: =IF(OR(B14="",B13=""),"",B14/B13-1)
A15: Semana 11 | D15: =IF(OR(B15="",B14=""),"",B15-B14) | E15: =IF(OR(B15="",B14=""),"",B15/B14-1)
A16: Semana 12 | D16: =IF(OR(B16="",B15=""),"",B16-B15) | E16: =IF(OR(B16="",B15=""),"",B16/B15-1)
A35: Ajuste sugerido: se a cintura e o peso sobem rápido por 2 semanas, reduza ~100–150 kcal. Se peso, medidas e desempenho ficam completamente parados por 2–3 semanas, considere +100 kcal. Faça mudanças pequenas para conseguir identificar o que funcionou.

Sheet Guia
A1: COMO USAR A PLANILHA DE DIETA
A3: 1. Preencha o Painel | B3: Sexo, idade, altura, peso e fator de atividade. Se você já souber sua manutenção real por histórico de peso/calorias, use o campo “Manutenção manual”.
A4: 2. Escolha a estratégia | B4: Como você quer ganhar massa sem perder definição, comece entre manutenção e um superávit pequeno (0% a +5%). O controle real vem do acompanhamento semanal.
A5: 3. Monte o dia | B5: Na aba Plano diário, escolha os alimentos e digite as quantidades. A planilha calcula calorias, proteína, carboidratos, gorduras e fibra.
A6: 4. Priorize proteína | B6: A meta padrão está em 1,8 g/kg e pode ser ajustada. Referências esportivas costumam situar indivíduos ativos em aproximadamente 1,4–2,0 g/kg/dia.
A7: 5. Whey é ferramenta | B7: Use whey para completar a proteína do dia quando for prático. Edite a linha do whey com os dados do seu rótulo.
A8: 6. Creatina | B8: A aba de suplementação registra 3–5 g/dia como estratégia diária comum. Não há necessidade de tratá-la como “caloria” ou proteína.
A9: 7. Sem frutas/verduras/legumes | B9: A planilha respeita essa preferência, mas não esconde o problema: adequação de fibra e micronutrientes fica mais difícil. Aveia, integrais e outros alimentos compatíveis ajudam na fibra, mas não substituem automaticamente a variedade alimentar.
A10: 8. Ajuste por tendência | B10: Olhe 2–3 semanas, não 1 dia. Peso, cintura e evolução no treino juntos dizem mais do que a balança isolada.
A11: 9. Segurança | B11: Se você tiver alguma condição clínica, uso de medicação, sintomas gastrointestinais importantes ou recomendação médica específica, as metas precisam ser individualizadas com um profissional de saúde.
A14: FONTES E REFERÊNCIAS
A15: Tabela TACO / NEPA-Unicamp | B15: https://nepa.unicamp.br/tabela-brasileira-de-composicao-de-alimentos-4a-edicao/
A16: ISSN — proteína e exercício | B16: https://link.springer.com/article/10.1186/s12970-017-0177-8
A17: JISSN — creatina | B17: https://jissn.biomedcentral.com/counter/pdf/10.1186/s12970-021-00412-w.pdf
A18: Fibra — referência de 14 g/1000 kcal | B18: https://www.ncbi.nlm.nih.gov/books/NBK208874/
